12100000000,Nasim,Cooke,Philosophy,Undergraduate,1210000000012100000001,Uma,Dorsey,Economics,Graduate,1210000000112100000002,Macey,Stephenson,Philosophy,Undergraduate,1210000000212100000003,Connor,Hill,Business,Graduate,1210000000312100000004,Martha,Horn,Business,Graduate,1210000000412100000005,Germane,Monroe,Philosophy,Graduate,1210000000512100000006,Dawn,Arnold,Physics,Graduate,1210000000612100000007,Preston,Wade,Philosophy,Undergraduate,1210000000712100000008,Carter,Hahn,Philosophy,Undergraduate,1210000000812100000009,Alfreda,Weeks,Electrical Engineering,Undergraduate,1210000000912100000010,Chancellor,Mcbride,Computer Science,Undergraduate,1210000001012100000011,Dustin,Savage,Electrical Engineering,Undergraduate,1210000001112100000012,Ivan,Collier,Philosophy,Graduate,1210000001212100000013,Daria,Gonzalez,Physics,Graduate,1210000001312100000014,Jackson,York,Physics,Undergraduate,1210000001412100000015,Nero,Becker,Physics,Graduate,1210000001512100000016,Sylvia,Carey,Philosophy,Undergraduate,1210000001612100000017,Colorado,Huber,Economics,Graduate,1210000001712100000018,Audra,Russell,Economics,Undergraduate,1210000001812100000019,Virginia,Olson,Business,Graduate,1210000001912100000020,Juliet,Jarvis,Computer Science,Undergraduate,1210000002012100000021,Kermit,Fulton,Economics,Graduate,1210000002112100000022,Cadman,Ryan,Economics,Undergraduate,1210000002212100000023,Samson,Chandler,Economics,Undergraduate,1210000002312100000024,Maxwell,Perry,Business,Undergraduate,1210000002412100000025,Myles,Callahan,Business,Graduate,1210000002512100000026,Audra,Berg,Philosophy,Graduate,1210000002612100000027,Leigh,Weiss,Economics,Undergraduate,1210000002712100000028,Hayfa,Patton,Philosophy,Undergraduate,1210000002812100000029,Evelyn,Fields,Physics,Undergraduate,1210000002912100000030,Luke,Hatfield,Physics,Graduate,1210000003012100000031,Rahim,Chase,Business,Undergraduate,1210000003112100000032,Ella,Vance,Computer Science,Graduate,1210000003212100000033,Brennan,Gonzalez,Computer Science,Undergraduate,1210000003312100000034,Rhiannon,Dejesus,Philosophy,Graduate,1210000003412100000035,Cade,Kirk,Economics,Graduate,1210000003512100000036,Joseph,Mcintyre,Business,Graduate,1210000003612100000037,Ivan,Ayers,Business,Graduate,1210000003712100000038,Maisie,Osborn,Electrical Engineering,Graduate,1210000003812100000039,Aspen,Klein,Philosophy,Graduate,1210000003912100000040,Brenda,Hartman,Philosophy,Undergraduate,1210000004012100000041,Jenette,Huffman,Computer Science,Undergraduate,1210000004112100000042,Sylvia,Ingram,Philosophy,Undergraduate,1210000004212100000043,Kelsey,Short,Economics,Undergraduate,1210000004312100000044,Imogene,Ewing,Philosophy,Undergraduate,1210000004412100000045,Joy,Baldwin,Computer Science,Graduate,1210000004512100000046,Brady,Whitfield,Economics,Undergraduate,1210000004612100000047,Dora,Warner,Philosophy,Graduate,1210000004712100000048,Christian,Mccarty,Physics,Undergraduate,1210000004812100000049,Tate,Copeland,Business,Graduate,1210000004912100000050,Athena,Leon,Physics,Undergraduate,1210000005012100000051,Harlan,Malone,Electrical Engineering,Undergraduate,1210000005112100000052,Shannon,Sanchez,Philosophy,Undergraduate,1210000005212100000053,Jennifer,Davis,Physics,Graduate,1210000005312100000054,Mohammad,Castro,Business,Graduate,1210000005412100000055,Chava,Cunningham,Physics,Graduate,1210000005512100000056,Roth,Love,Computer Science,Graduate,1210000005612100000057,Moana,Mercer,Electrical Engineering,Graduate,1210000005712100000058,Ralph,Hester,Computer Science,Graduate,1210000005812100000059,Cairo,Nash,Physics,Undergraduate,1210000005912100000060,Madonna,Keller,Electrical Engineering,Undergraduate,1210000006012100000061,Baker,Simpson,Computer Science,Graduate,1210000006112100000062,Chastity,Burks,Economics,Undergraduate,1210000006212100000063,Garth,Tyler,Electrical Engineering,Undergraduate,1210000006312100000064,Hop,Greene,Physics,Graduate,1210000006412100000065,Harriet,Abbott,Economics,Graduate,1210000006512100000066,Mari,Phillips,Philosophy,Undergraduate,1210000006612100000067,Adam,Ortega,Computer Science,Undergraduate,1210000006712100000068,Isabelle,Beach,Physics,Undergraduate,1210000006812100000069,Hadley,Rhodes,Philosophy,Graduate,1210000006912100000070,Iola,Miranda,Business,Graduate,1210000007012100000071,Zachary,Hoffman,Business,Undergraduate,1210000007112100000072,Lamar,Leon,Electrical Engineering,Undergraduate,1210000007212100000073,Vance,Davidson,Physics,Undergraduate,1210000007312100000074,Carlos,Mcguire,Physics,Graduate,1210000007412100000075,Baxter,Stephens,Economics,Undergraduate,1210000007512100000076,Honorato,Porter,Business,Undergraduate,1210000007612100000077,Elmo,Faulkner,Electrical Engineering,Graduate,1210000007712100000078,Brennan,Page,Economics,Graduate,1210000007812100000079,Fitzgerald,Lindsay,Business,Undergraduate,1210000007912100000080,Olivia,Nicholson,Physics,Undergraduate,1210000008012100000081,Malachi,Henry,Business,Undergraduate,1210000008112100000082,Nigel,Haney,Electrical Engineering,Graduate,1210000008212100000083,Jade,Gould,Economics,Undergraduate,1210000008312100000084,Remedios,Ramirez,Business,Graduate,1210000008412100000085,Avram,Santos,Electrical Engineering,Undergraduate,1210000008512100000086,Lamar,Rios,Economics,Undergraduate,1210000008612100000087,Geoffrey,Merritt,Business,Undergraduate,1210000008712100000088,Honorato,Yang,Electrical Engineering,Graduate,1210000008812100000089,Urielle,Schwartz,Philosophy,Undergraduate,1210000008912100000090,Kasper,Richard,Electrical Engineering,Graduate,1210000009012100000091,Abel,Berry,Business,Graduate,1210000009112100000092,Emerald,Keith,Business,Graduate,1210000009212100000093,Morgan,Haney,Economics,Graduate,1210000009312100000094,Charles,Lynn,Computer Science,Undergraduate,1210000009412100000095,Barclay,Roth,Business,Undergraduate,1210000009512100000096,Ezra,Shepherd,Electrical Engineering,Undergraduate,1210000009612100000097,Elvis,Howe,Computer Science,Graduate,1210000009712100000098,Jonah,Jensen,Business,Graduate,1210000009812100000099,Tamekah,Bradley,Computer Science,Graduate,12100000099